,label,S,Ag,Cr,Fe_Ka,Fe_Kb,Ar_Kb,Ca_Ka,Ni_Ka,Ni_kb,Cu_Ka,Cu_Kb,Zn_Ka,Zn_Kb,Pb_La,Pb_Lb,Ti,Nkr,Kr
0,0.6340206185567011,0.23153534110269208,0.3130651345473144,0.5453762738815942,0.7210691482967869,0.7297879023167134,0.28507091775211874,0.4928154139203118,0.30345861925815165,0.5001763416727197,0.18754883864630353,0.2016397058539863,0.7371441110990181,0.7371834560120285,0.7374749224416054,0.55618994331438,0.6855538130320312,0.19339117007998233,0.20268228567316376
1,0.4896907216494846,0.012675978485356565,0.1163108614838348,0.793317569237002,0.9917165444303817,0.9899968618601633,0.06560119573745243,0.5119798116558503,0.06495409875295932,0.5164234152833506,0.18732208273952028,0.1934137022751432,0.9203732576574225,0.9063329470594649,0.8125222365885026,0.4735418941797611,0.9293776164386173,0.019909578342994394,0.027779430661297955
2,0.44845360824742264,0.03765421906570898,0.16013679025455058,0.8275702770586784,0.9746071332867201,0.9790884194206007,0.06537271724757338,0.5630648924284141,0.11813917255404316,0.4942258650834942,0.1636903592598024,0.18166826100683173,0.8957049441441617,0.8858282954423552,0.7886641424517625,0.3994650455538302,0.9362159355896574,0.019137829419847485,0.029953529861154404
3,1.0,0.048363585467620984,0.058914659148989024,0.7640761122909063,1.0,1.0,0.05606056145333538,0.652656034286285,0.10828607184443306,0.44344661362332427,0.21278464456140214,0.22449239181916336,0.9067791326696797,0.903560285397402,0.8364392292801389,0.4648160255497986,0.9775715814363314,0.01537990909611342,0.019552719772049254
4,0.8659793814432991,0.009517038579991866,0.09947776199134534,0.712292816396104,0.9668730302289753,0.9681544596463221,0.0910021173318522,0.75632348910683,0.12101807122176489,0.45078605201071265,0.19176922526402557,0.19690419189544722,0.9087522988913879,0.8927357207650091,0.7897413630586466,0.4794204197719918,0.8519709970485428,0.016130354965274846,0.019575024655968387
5,0.19072164948453607,0.026081496774695567,0.11502902734507242,0.8502467945040451,0.9374483882379405,0.9433507111945942,0.06316442106761483,0.9968094534579228,0.09029505899566292,0.518357862609358,0.10278743465785055,0.12276887410188403,0.9894264515931858,0.9611819268608435,0.7375732321447014,0.27707787659059946,1.0,0.017097309316760706,0.02771944278594679
6,0.25257731958762886,0.019771501128577562,0.12748618846540244,1.0,0.9452136197132499,0.945722071965759,0.004854210209571719,0.9223195730563514,0.08433120306958275,0.5825590477495625,0.11607387814972667,0.13295748002128627,0.9761313008648187,0.9724645537762828,0.7277365865775206,0.3555547332068749,0.9051051952699535,0.018395499977042706,0.025042779103118473
7,0.13917525773195877,0.43180247303388003,0.5545968103732875,0.2661062393321336,0.41539695441102215,0.43503071525052045,0.4455730294104569,0.33705630526708386,0.4693166427953195,0.4454685071589347,0.05245435494225205,0.0697445909905825,0.5892203254010093,0.6096408584216937,0.6046814564941935,0.6262720435254743,0.37114978470996407,0.3759289204619367,0.38907107303183447
8,0.07216494845360827,0.445464264502669,0.5064665440033862,0.29971580017962496,0.43563435753983,0.44687593446535173,0.44064947344822375,0.33943587148517196,0.45338714882612297,0.36267047535924346,0.04536713007871827,0.06516490031066106,0.6352094549673741,0.6502783317823737,0.6012314400926898,0.6262571536324113,0.42510244960126775,0.3577937972370653,0.37316045400257286
9,0.2731958762886598,0.3794943335852821,0.4919055383497947,0.2348019679153439,0.4360659021271286,0.45685268688027636,0.3265753120778723,0.388419685192003,0.363739162273943,0.3701110350443261,0.07555546404258187,0.09197580007256144,0.5988986235854401,0.6313925638963879,0.6150938953185786,0.5500720803992063,0.38894757637132504,0.3240187514309649,0.3330920762135608
10,0.22164948453608246,0.5606576199355808,0.5144249176110174,0.13728330091937302,0.3410367303947953,0.3563009587273531,0.4342766452379811,0.40142038645573663,0.47648128632811293,0.3566522588279687,0.06449145848020264,0.07920090629955659,0.4945095962241507,0.52115497322059,0.5180548943288901,0.6252488582423525,0.222319146518985,0.4329141954030754,0.44875995545333675
11,0.4278350515463918,0.4386329094961499,0.4816108075299215,0.14618830662783755,0.43997871411070477,0.4553082028965916,0.39093296190064103,0.31701084103943233,0.40783649880117834,0.30246530079044953,0.08200915594132167,0.10004149423081907,0.520009392171638,0.5250471748165152,0.5785918670882916,0.5393582746060921,0.3772303059929656,0.3382112453120615,0.35201340470412973
12,0.4278350515463918,0.4136705743646833,0.4547309375104491,0.14661528649045774,0.4390314412967891,0.4498854678298032,0.5238548192669301,0.30308266824186303,0.4115658617499719,0.2964671512808842,0.08374452298621335,0.09628588940820848,0.5157231703695442,0.5298737135834485,0.6147013849553297,0.548520434451363,0.37064025533702927,0.3408022415481259,0.3450979517097435
13,0.32474226804123707,0.4432317174972819,0.4858825870304739,0.12284033743500755,0.4190541698011499,0.43804921684105397,0.5799141181460272,0.18711188548315216,0.426803412071891,0.28790146593913846,0.07351018358755741,0.0858697609872045,0.5192254392000476,0.5346004319476374,0.5718816471799163,0.5429116661707811,0.3466231331312263,0.36126467458731537,0.37675299281816005
14,0.17525773195876287,0.21316504236610717,0.25992748613725997,0.4913862973881702,0.6357395736699495,0.6532661276223459,0.2648587888869041,0.4294714402896187,0.22852298703554874,0.44759650117011185,0.07569313234115624,0.09374553207753875,0.7171880704264351,0.7261573820089945,0.7505699306972501,0.4281504088831376,0.576287000169474,0.17024842278062438,0.18558138181289718
15,0.1649484536082474,0.39748758647515164,0.420143408446426,0.4525387070007141,0.52124391170606,0.5313878185058251,0.3290339287024831,0.37609642635954144,0.4039176716362587,0.3840468165412011,0.05907795631475933,0.0762345694031675,0.5632852055838498,0.5623543155446501,0.6039938043820187,0.46846159875258153,0.47877797188638715,0.3215170911034271,0.3297570485617915
16,0.20103092783505155,0.4519591836671976,0.558981516514427,0.4051225115986907,0.4405247889527027,0.4536931539276016,0.5982271190031785,0.6535101918586304,0.4211465956339677,0.3374072736707928,0.057569050711790734,0.0741018645285359,0.5267464982300475,0.5299276686275587,0.5497186618348782,0.5359536712046806,0.38644612098109077,0.4104978788652893,0.41405611948315985
17,0.19587628865979384,0.3807866992575509,0.35337107785685457,0.37500500284553473,0.5477938589858885,0.5656621002638922,0.30400849593242923,0.3424262503616513,0.26995471473130905,0.40499617514798547,0.0801848474665155,0.10040270822593303,0.6455777429544585,0.6636661632130776,0.6681286631977333,0.494860554214404,0.4937155650230758,0.2288318933795113,0.2484768664214782
18,0.19072164948453607,0.3503729830118571,0.3974034728522016,0.43617146371471427,0.5366625936168984,0.563855007099408,0.40359879253900005,0.4231251161235301,0.32593704516974586,0.36327693192496124,0.07550726049488571,0.09862294797508822,0.6290608908540536,0.6404164085685298,0.6444606829940235,0.4989892125318829,0.5309627631633957,0.26263340754428044,0.2696071765258778
19,0.25257731958762886,0.13157352426021857,0.20904720728051468,0.41327190904405975,0.7430014029481071,0.7554010824476582,0.10006135438515457,0.26105713443304635,0.12572914823361847,0.4095515308130181,0.10290219810398303,0.1233337068550491,0.8039205550082342,0.8063389907182539,0.6701388148843902,0.34816278708688464,0.6612196427847855,0.0972532107254103,0.10202539840570524
20,0.17525773195876287,0.2415295246510612,0.31508417480839607,0.30914015068196354,0.6431662375497114,0.6495388695263391,0.28700591426360506,0.40332777412339516,0.25255788175157057,0.43387372536412705,0.07786319669738374,0.09706143928853778,0.7476200925227615,0.7581997910640755,0.5926387992650678,0.4134445805727367,0.5954451784659708,0.1968437641827437,0.20223945004156269
21,0.365979381443299,0.20943030545849778,0.27581026920549595,0.46903562033200963,0.687821614308321,0.6940492769733008,0.20407974621156105,0.40538257511925635,0.2405901369553577,0.4236570348998686,0.11633904557822589,0.1377646942999337,0.7422150548371131,0.735756206337512,0.6410185100124134,0.43034804994062936,0.6631029407831438,0.16900696580146943,0.17032708928064139
22,0.40721649484536093,0.3361336826671813,0.385235335932308,0.4951411098266092,0.5852149665663401,0.5945237199523102,0.30271419653681403,0.44700573987957637,0.3523371917893441,0.4041552255539026,0.10570787594015772,0.12035420171859385,0.7391310470074782,0.7405877673829097,0.52348705053815,0.4703691788397071,0.5236217291940091,0.24063189443620628,0.25683624941824174
23,0.20103092783505155,0.331260867073837,0.40090220422841344,0.24087534551830303,0.5084214191533734,0.5200833061398296,0.38416230904886034,0.30928284237064374,0.34904013448223703,0.4129177979961619,0.07516739464898499,0.09682886420809032,0.6176571795598663,0.6289852903938249,0.6589576678984458,0.4738407361941299,0.41708942501523094,0.26852302887232415,0.2701948271851538
24,0.2989690721649485,0.6651716164899781,0.6498962249266507,0.003582883772236478,0.17100190259698683,0.1836850415771713,0.6506941865798748,0.38102175828118345,0.6161409312597135,0.9108870902177794,0.6233085211013628,0.6360997958662791,0.6239022372009205,0.5781130125963488,0.5571857565310874,0.8932325344139507,0.12673605741296684,0.5082108476685159,0.5114816771421247
25,0.2886597938144331,0.35517658584214246,0.4453530673492691,0.37807566217074684,0.5494231757847391,0.5659547338773386,0.38660686892066914,0.572008356226285,0.2711084953109689,0.2930791107827274,0.08127105242146904,0.09860425288521225,0.6097982208261631,0.6043288356355062,0.5864543922651914,0.4759321762137052,0.4681160101840389,0.27399111826920464,0.285579690109987
26,0.2319587628865979,0.3519861210214678,0.4403123791273373,0.4033091696625877,0.528927899107263,0.5381539528934473,0.3744224516959013,0.5264997693624014,0.30490366514816525,0.35905863178826525,0.0946441313069847,0.10574687728301316,0.5643724763956811,0.5696376756554702,0.5913498808538796,0.5043152113092719,0.49281490497417535,0.3012040705067113,0.30651195670256953
27,0.4329896907216496,0.2912145656332226,0.3621159831001552,0.4349888571780862,0.616710174536807,0.6212877320467326,0.24552146938328495,0.3472519405012968,0.2951669971176568,0.37974110263701666,0.12191908844624277,0.13578380168024795,0.6493843936217603,0.650626465717301,0.5875689716074123,0.4452678520959159,0.5845733369495673,0.22659374379222239,0.2247797355941245
28,0.2989690721649485,0.5222488435330497,0.5727457990092066,0.225090743207901,0.43152234325905603,0.4398490605956511,0.4680406212935319,0.5286127633590716,0.48192676038985693,0.2933538467538691,0.07088219168715183,0.08265362472253364,0.4729818094691378,0.4816555877974891,0.4656032577467555,0.5829613862209655,0.4036784572637493,0.4354476723534749,0.43617194181116065
29,0.20103092783505155,0.43085674034361715,0.4402543405979948,0.3077216465976118,0.5021344566895128,0.5089750917192687,0.40704677729645605,0.5305549518869079,0.4293669535918452,0.3223428347106917,0.06957533999899232,0.08403373524511905,0.5373444540730828,0.5444818123108075,0.5460634521542359,0.5207150886330836,0.4618031483303201,0.35258477678703026,0.3515443456604233
30,0.24226804123711343,0.30095340671070864,0.3027407975491189,0.5020914395170053,0.6362788562872093,0.6407246158432489,0.32714039334802975,0.5612176924885246,0.278780518188108,0.3945400306169694,0.09314828172310041,0.11190868569237739,0.6921096593461976,0.6847991427780571,0.5943798317813987,0.4435279132943384,0.576420653643744,0.2463229935265462,0.24703708868775492
31,0.22680412371134018,0.20483543670282828,0.32248697477746463,0.657065237577152,0.6781771414488194,0.6901053750019748,0.1490467697384696,0.46690926141655775,0.26911926706210887,0.4394362769573331,0.09620156643912352,0.11206683946398194,0.7559254739163612,0.7425969562603248,0.6089517577744502,0.3995056180846239,0.6560691192233657,0.17118731110991484,0.16974795920417202
32,0.2628865979381444,0.1888394215517018,0.3276301508681853,0.2826231031110915,0.6661902131472489,0.6729312324772805,0.13643593081406952,0.47772278065588947,0.16878577594397337,0.46168788188571586,0.08551075206900711,0.11003951090850908,0.7846283318271876,0.7948761686413296,0.5541865900539575,0.3742049567622152,0.6036806889689762,0.16746125434793327,0.1644295215290213
33,0.6494845360824743,0.24240205258791142,0.27130774526001317,0.4430073548272653,0.6373211927717493,0.646932262386144,0.2566514374241908,0.3998748250607571,0.2241378453339843,0.45589095492581955,0.10391166174670378,0.11843271729784047,0.7761481018112575,0.7692270775006937,0.5267690556595901,0.38606515146390263,0.6260092272448026,0.1736462289636501,0.1900149474586837
34,0.4381443298969073,0.3530352406423343,0.3524995102245844,0.3526183625527992,0.5591210363933158,0.565526222199371,0.3732462233152965,0.38473113251132807,0.3209451654830312,0.36585660884929505,0.09810893538114251,0.11991943055385931,0.7032931686961987,0.7034984049829373,0.5486875313636629,0.4264235033181425,0.5052262274682642,0.27630655935391524,0.282643244611633
35,0.45360824742268036,0.2745668037775428,0.33653744810813563,0.38040022126333195,0.581048266188499,0.5873208134669691,0.2613549654772637,0.4702568937475442,0.2733198523615984,0.4560819907504191,0.11352404973376398,0.12909572311225248,0.7517315601423202,0.7510674762676592,0.5159164371527691,0.3947927176190371,0.5619041086825847,0.2289503145106581,0.23036574723276854
36,0.44845360824742264,0.30087003958900876,0.3267392217115653,0.4990311855562213,0.5616366676897243,0.5703464763292759,0.21810109706204156,0.3849050428504761,0.36983292549284186,0.41329170974075635,0.10494474931189911,0.12734312199381861,0.7190785225004989,0.7225289024585351,0.46962611707467616,0.42898269575595216,0.46199462842891437,0.2600566447234832,0.2657034115366696
37,0.5154639175257733,0.29813436714738845,0.2901803939810606,0.572657228584446,0.5909719282689814,0.6039147668003958,0.3614074939080401,0.5096071819814789,0.30966248736053015,0.46338944951567373,0.0995222475437993,0.12068692095654454,0.70590578123243,0.7137413881866805,0.6088617411562126,0.4276655130780025,0.5081040270375811,0.21924158164475735,0.2276903705268391
38,0.2938144329896908,0.4212411613133646,0.3997506809860661,0.26968140028435506,0.4967309833795037,0.5084176395463477,0.42752492332875197,0.4096290529704991,0.3647760912268151,0.3206265750650604,0.07436758048300454,0.08376042859152524,0.5243798422261031,0.5401311301599373,0.47308462410813734,0.39257237020355085,0.43512333664520697,0.2945896079230964,0.30838242109583874
39,0.23711340206185572,0.4548622937921338,0.45591136226455703,0.11636281319534691,0.448614057605364,0.46660422888677344,0.43042433609103264,0.2871496015950492,0.35845953221440996,0.26709778180007937,0.0638270977151622,0.0731171865551538,0.4938028503834262,0.49333597122502987,0.4367031744457608,0.36926691528897737,0.39205221610700935,0.3290528778458879,0.33981260838812916
40,0.5257731958762887,0.49775938489061905,0.4653447090692479,0.309965499660831,0.41905259364254743,0.42450001188905695,0.49833723177133255,0.42674689691737866,0.4161823855889879,0.30108687666839906,0.08579388116342528,0.09810270193521037,0.44945199416376147,0.4591406328782858,0.39918965883039637,0.46101081957462897,0.2997371568807483,0.38358804327832907,0.39319959220231776
41,0.40721649484536093,0.34193508370287046,0.4061466743756484,0.3681096558644896,0.516075755348287,0.5388385539235419,0.4432496330296914,0.23356710516686152,0.26537931209126064,0.23025023689397817,0.09236652732021222,0.10164981915053088,0.5103326652931254,0.5101002867627807,0.5627936660227972,0.3759811429306006,0.43386730456049927,0.2657107981930764,0.2718662235593034
42,0.22680412371134018,0.3581670971480005,0.4751182993671103,0.25681877045713875,0.4398739243034893,0.45409691682565767,0.4236179697426658,0.2989681197797234,0.3608332898187053,0.3457114550403043,0.06968318436904192,0.08387906751770666,0.4823951740946504,0.4956629194914158,0.481103419375007,0.4239252058980467,0.4017564894811534,0.3167384353519659,0.312235168020395
43,0.25257731958762886,0.5668429733621168,0.5415509617653846,0.18443028716334742,0.35824670004567993,0.3733579183504012,0.5933062625263383,0.511303409529247,0.39943442911143445,0.1539353442285495,0.05608440874780782,0.06706097250188682,0.4159065390882776,0.4310421659846682,0.4439243945436677,0.5192165697625033,0.28874275325604626,0.441662438236478,0.4411733689817225
44,0.23711340206185572,0.5202429402617561,0.5779262143354829,0.12234795550990785,0.3473700867605746,0.3614279465485686,0.5834597320703461,0.4030684910927551,0.44055117531083143,0.21415939523018268,0.05168223750514439,0.06553891875051308,0.36956063320165283,0.3757322657277229,0.42867234740730364,0.5631642729580404,0.32924130494702575,0.43930447964733454,0.4326534197393804
45,0.2680412371134021,0.5674175002512802,0.5800257548162595,0.1662397259096451,0.33342268606799974,0.3472293711382896,0.5686735961864904,0.5246760539217705,0.5019447634173142,0.18617506262351669,0.054173778272682216,0.06405429782111809,0.3615335129415668,0.37963926540387694,0.44504838176410677,0.5299847021467132,0.29234027566623766,0.4611069398794516,0.4636368019795413
46,0.2164948453608247,0.48754987686926027,0.4771043304005583,0.18282199375303088,0.41167504632221985,0.429345274883914,0.4961975582246582,0.34509067123807524,0.4327212657706635,0.22896463922032917,0.06527015194028396,0.06965414791162301,0.43027597382287047,0.4406478539457463,0.4434656266907201,0.5020085788807265,0.320442046728894,0.39767231750185794,0.4040476646877132
47,0.3350515463917526,0.44550161060421983,0.44475496056916813,0.24638000895745726,0.4452868325272253,0.4530694425126992,0.43309029526387094,0.3559179771044243,0.4066716362120165,0.29093149772869553,0.06926270671547331,0.07914965853877104,0.454489034940829,0.4628236316338136,0.4701942571306045,0.4845637032550001,0.3942904023971793,0.3506311907981091,0.35675900400725696
48,0.25257731958762886,0.20212436619876056,0.23334564237270267,0.4023589045029714,0.6887808171120106,0.7037794501313216,0.20381318431883927,0.15637593134152428,0.14135921402244278,0.2756914669056624,0.09973569584960477,0.11080203763280547,0.6771236535604855,0.6878642820561095,0.5779595629765234,0.25235861826516115,0.6604887490108994,0.11072417701737,0.10808967169162176
49,0.25257731958762886,0.14554467009417543,0.2667345078607399,0.4801681137282894,0.6722666672455959,0.6910210140542448,0.1261091879869835,0.1192992927269858,0.14510553726655406,0.2955972140056956,0.09302428833552182,0.10579537648297918,0.6689597612233746,0.6728941140989492,0.5723357961167649,0.2904504019217182,0.5785308749576437,0.12603000169720044,0.11814818024589124
50,0.20618556701030932,0.35372794412631264,0.43292367370224943,0.27705387931639924,0.4713154092747083,0.4876240824667363,0.39091982862400326,0.34458727739552875,0.3688644121814526,0.27509976912551115,0.0671349712772149,0.0809247233377036,0.5316990046509341,0.5370408464116097,0.44785943733873135,0.46172971877821345,0.42381707838283367,0.3044762956621224,0.307538753640128
51,0.25773195876288657,0.41288363498609887,0.4665410166398241,0.18343001011617277,0.43390259588930613,0.4444625167698104,0.3390217667591266,0.2636147472288548,0.40341955200982493,0.19638360915643338,0.07108228417643851,0.07838191765357216,0.48733065131149156,0.49837562404394214,0.4575378819433704,0.4724805292510754,0.3603994863600002,0.3513818343214341,0.35409481631782996
52,0.19587628865979384,0.361910597701724,0.37116677192019104,0.2658280754068154,0.4557513661948457,0.47131220649074024,0.37163203499922653,0.32886675500628737,0.3486666476214719,0.2741569435185941,0.06388348927270594,0.07983660731660314,0.5690567879358133,0.5915640957573911,0.397001624172585,0.31470742046835265,0.3503292754977523,0.27730726000597683,0.27255486988606387
53,0.24226804123711343,0.37460597426077463,0.3867589703758391,0.12017350731849863,0.4611552755640318,0.483166724888441,0.3516289005651228,0.2395464680425241,0.36417154353106984,0.19075195160090497,0.07126073696935908,0.09197892798604403,0.533011264187612,0.5415950764238723,0.44453403937477365,0.37008699170885784,0.37675575989258725,0.2756209881460685,0.2850439772123274
54,0.14948453608247425,0.34521677121565036,0.3810773301277421,0.18300680086103127,0.48594190399128434,0.5074359015787533,0.349815353579728,0.19350540051230847,0.2866985985117759,0.26952270241487464,0.058501974733478165,0.07252186401463234,0.5007774700206822,0.5097104582612652,0.5249057007667746,0.40318705800875376,0.4846795777547528,0.26475504425148344,0.26293462520392613
55,0.14432989690721654,0.3996504756918436,0.4034069937715988,0.21042487877561733,0.44672800498806736,0.466269167462395,0.4094635136511639,0.31892049726727656,0.32316363870271847,0.18854433454428599,0.059206625311626904,0.07161062439762324,0.46510075850174254,0.4810781152858275,0.48310081074259814,0.4287216049240512,0.38895277047669274,0.29463707987534293,0.2953180646485348
56,0.18041237113402064,0.37700875641757864,0.43269328211768937,0.2616103453494709,0.47478331240006116,0.4962668350750537,0.3952138541065267,0.2571491179539467,0.32318552597242434,0.2908151583115638,0.07037443221624715,0.08767293758052809,0.486825384200627,0.4856663976048888,0.4939222701794789,0.4490774822816155,0.4548294772188186,0.27787655822208646,0.2832930188378158
57,0.19072164948453607,0.26226804789357544,0.3658153887851983,0.19608137572772555,0.4958251078938405,0.5249904304178632,0.23991714497994182,0.1766403634182252,0.2872754874637804,0.2517558553955296,0.07331729488730256,0.08530972651960456,0.508928027861824,0.5235571965914618,0.5105905406327629,0.397593638534679,0.422716976457309,0.24347090368626254,0.2504773671365071
58,0.13402061855670105,0.3565974958076628,0.31999895290303076,0.18406898434895247,0.3946954057989597,0.4135356156056,0.42392898281201613,0.11913335620507914,0.32887880865083785,0.409590162510599,0.06071310262774239,0.07719098728685257,0.6510584246646197,0.6729969715010332,0.3511982531590332,0.38028282152098836,0.37986983511520533,0.25616523562993365,0.2637198721454615
59,0.08247422680412375,0.29697113227809574,0.32956663456894225,0.3214594125590098,0.4322254938086016,0.4548352704430639,0.3394068631443476,0.3168225543123273,0.25805143447617207,0.4977757621351723,0.0615248614511809,0.07639850643874481,0.7167744127326101,0.7440003242518333,0.3338784442464051,0.34925046752551214,0.31661220313074456,0.22111042507364106,0.22660768909870616
60,0.11855670103092786,0.36374801270345297,0.3517692073680418,0.26616322228687705,0.43513411786681117,0.45452362754179776,0.32071499970019196,0.05576476170225342,0.2835699808457518,0.4986871955959836,0.05983008056970601,0.0840854828300618,0.6913486872154596,0.7163262241455721,0.3969096155140024,0.33004771671328514,0.32615541327572317,0.20676932601249234,0.21014025807632192
61,0.12886597938144329,0.3351011574397181,0.31241713868089477,0.23487104223532396,0.45638571976393355,0.4835488307719094,0.36211968951301804,0.10898458815852718,0.3264744932296334,0.4493909567278388,0.05646316518132442,0.07272421009529087,0.6282635014974117,0.6362271706054166,0.406894930182371,0.2860184771299581,0.33099913655920266,0.2113721857267172,0.21894154831969675
62,0.19072164948453607,0.32820735104855997,0.3876096749141121,0.41254919363458153,0.4503260621410605,0.47003748488985847,0.3198947532833744,0.16052029970108728,0.2762496175194378,0.3990164640560655,0.0660523570133028,0.0789324707896601,0.5996218602834416,0.6188943170370474,0.3858362756283109,0.30414728387248413,0.34534876849711194,0.22636776173087977,0.23123182334359954
63,0.14948453608247425,0.2242157726216381,0.2658185208993929,0.5006664472724771,0.55224809712667,0.5800402370060634,0.1751084623764922,0.011329463943609452,0.27201408899788393,0.39740616455638367,0.07961491245491957,0.09556200595934347,0.7190337300752448,0.7496516169437966,0.36781645900472637,0.19526246619403276,0.4467002535511334,0.14829076170948627,0.1555673713891756
64,0.18041237113402064,0.3301856906632576,0.3826269724076438,0.37321747755721457,0.4444897976426109,0.4648741263438102,0.2936721296027412,0.23473969071988798,0.32487464857157433,0.3787517632478238,0.06428976075255755,0.0804027390571359,0.6379974392811176,0.647955966018836,0.3379240886404725,0.35926261379738467,0.36928714489786196,0.2707579363560638,0.2743318977848766
65,0.17525773195876287,1.0,1.0,0.2044571248197944,0.0,0.0,1.0,0.681843346783978,1.0,0.0,0.0,0.0,0.0,0.0,0.0,1.0000000000000002,0.0,1.0,1.0
66,0.15979381443298968,0.34177462655158614,0.40686747335743617,0.4748504681836039,0.5036932674150383,0.5143173049732889,0.30464498086632846,0.5045582115223226,0.33051649666602523,0.4099653357848071,0.07027103243762055,0.09018238515912809,0.6885016377833233,0.7001240408693797,0.48190265882097694,0.37239754267128955,0.3951494910591502,0.24779058771772863,0.2585313179296845
67,0.14432989690721654,0.32514315440939573,0.3311067754206916,0.23795091783336586,0.5538653294075827,0.5793804322283793,0.3179677300196549,0.3290373233097348,0.22365525925062868,0.2680722168955959,0.07373312131642772,0.08908626238852313,0.6496343060075476,0.6607671405887188,0.5587647701201535,0.35181389420749243,0.47801208818583285,0.2085848222083108,0.2056085263263045
68,0.18556701030927836,0.3251897088884627,0.39214281703478676,0.28046567538075484,0.5214016288643141,0.538797655344685,0.4338220256229504,0.28340294631302965,0.2952301273338115,0.2979981512730502,0.027087373939770558,0.04113715371429906,0.5755898696515361,0.5715358235398729,0.5073408814520559,0.3687650479638198,0.47441822783430676,0.2581292394244621,0.25888033370335034
69,0.14432989690721654,0.15973865862219955,0.2263259841050163,0.4689948354469986,0.669097325969829,0.6818859219350736,0.15680727257071142,0.27515499941807,0.20103247324650642,0.44764190530496284,0.07705537788562375,0.09500142936899987,0.7327879783081587,0.7375968675208274,0.5727356906046236,0.26475551251520724,0.6058629836278655,0.12024833110759323,0.1196140068285893
70,0.18556701030927836,0.18590619059208652,0.26861720819896323,0.46266431420892884,0.6496584727036416,0.6628740601523283,0.16668986159728144,0.3810431329138475,0.14777578416542214,0.2621426563625474,0.08422726197281892,0.09723643531486491,0.6978549233794263,0.7014596360664159,0.5755146815700681,0.32068862084290983,0.6086873011287869,0.14953103485371752,0.15225038281608927
71,0.25773195876288657,0.1803349251657524,0.30096620110262423,0.17530716926070067,0.5401095804406855,0.5599152945236332,0.23023426242591732,0.17995226939022446,0.21344383240562392,0.45168870941651484,0.06839723000303127,0.08809741723372054,0.8801206431208115,0.8985912715442861,0.4470140587411313,0.2916241335656071,0.5106897967591084,0.13269668072632376,0.1363912958895876
72,0.25257731958762886,0.17248936133535814,0.238036687998397,0.2697321177124534,0.5584536297349676,0.5856650877744225,0.26943023608744937,0.23551606152236304,0.19681007474975154,0.4456318614367346,0.08631893446125956,0.10677393374602603,0.8081253773083731,0.8206685258992434,0.5704875740265943,0.3383384527327926,0.4791723799854978,0.13715236822418678,0.13317936109535705
73,0.25257731958762886,0.20890306249870066,0.2901747165149569,0.2810603188694645,0.5539495644110364,0.5766340483445227,0.2706657623244592,0.20240092183018166,0.20811338832570447,0.3086339292971868,0.07992277251288879,0.09766378446149408,0.64655002360682,0.6613789933729248,0.5482642504646917,0.33153988939014645,0.5099802622947314,0.17455410784617922,0.1778706245312841
74,0.13402061855670105,0.21305129546012896,0.23179569338419453,0.06963701982818815,0.5377719043981735,0.5595775563342783,0.21400917750214737,0.20864647862231656,0.21972303425534878,0.3950907459554688,0.06878193393881553,0.08737570531560242,0.7007132792967319,0.7122739327284616,0.5217983521104287,0.27386393859465796,0.43464099225481745,0.162757675218715,0.16289913780390625
75,0.15979381443298968,0.26615294500132763,0.28792471868308717,0.4046297013260116,0.5119392122258155,0.5332631165803873,0.2594675189542081,0.18584033612403306,0.2950792742175309,0.3270199342550656,0.07911968389466364,0.09904057821439151,0.6539418878480757,0.6703631887268285,0.47115474227446186,0.32537129317969793,0.43378079198206987,0.20159779036972322,0.19839099534255217
76,0.2164948453608247,0.2581515507388438,0.3188358647041553,0.21340665977887352,0.5510915592187304,0.5737154119783531,0.2978512601755425,0.25804578264866795,0.19938899056702686,0.47791791335159994,0.08889912258155282,0.10532037950632901,0.6680549321547855,0.6804965845512805,0.596763868279872,0.34065522776820645,0.5132562146536434,0.16477943250460145,0.1793903986628157
77,0.07731958762886598,0.3949262642636993,0.4178923585301901,0.2560713133074026,0.47174145214877794,0.4846242330139216,0.4461036002891748,0.28270215504280993,0.42559466185511974,0.27750759555182436,0.04697155942738915,0.06111212895620696,0.5994791722087407,0.6044798978917917,0.24519307217234176,0.38743554274565306,0.4141581700166357,0.35079119783586643,0.3514368796424087
78,0.22680412371134018,0.3546327516638847,0.41545832031294544,0.28725813563233826,0.4675861671955232,0.4865572785990475,0.44379721710925785,0.16106792694151806,0.3551494328918191,0.3558088248392829,0.06554278668117654,0.0846424974117143,0.5880720018500138,0.6007259613592291,0.3077126893435631,0.4238071326046451,0.46253078914000034,0.3160026394449157,0.316054538548242
79,0.09793814432989689,0.24721096870500853,0.28253131589709973,0.41547190032246584,0.5697724532926376,0.5896835659817525,0.23207867838120028,0.2362040088852464,0.22377468018724445,0.385335570289825,0.06187317391384807,0.08265121880747085,0.7262772910065235,0.7368924137235402,0.2979572331246093,0.22497141280941135,0.5210982826581778,0.1974334314069924,0.2000384307093403
80,0.12371134020618557,0.26146565780866,0.24978248370605455,0.37182069504956283,0.5182726823522025,0.5418331568814743,0.2906626053309938,0.17020743046164033,0.289460739721057,0.3534166195946896,0.07201851179540368,0.08727264586172305,0.6579671047717546,0.6787714645617454,0.4357355814842353,0.29161673791176845,0.46467549824461596,0.19172197596595245,0.19065641931847638
81,0.13917525773195877,0.4253210046417258,0.43597340261763556,0.2399310621567765,0.3927092739715923,0.4178427144536868,0.46337150145361233,0.2335270998447061,0.3806944100248376,0.3321821948789022,0.04894087468607148,0.07006078832824589,0.5944416452050924,0.6213841663229507,0.21620379232242215,0.28363666201008386,0.325935906119467,0.3020572714123573,0.30431119681882796
82,0.17010309278350516,0.264223433691317,0.3759747544003524,0.17743350515702705,0.5067178743697891,0.5233286044804482,0.3327284743201567,0.16873147605741545,0.2625771581545795,0.34208484121297145,0.06918273331661927,0.08455816798388513,0.61528891531038,0.624882410269473,0.3875640065109216,0.24324328832799402,0.4176704341453805,0.21049486971236933,0.22353681342268134
83,0.24226804123711343,0.2818219006751809,0.3097298141584533,0.2775322070091919,0.5194339108301248,0.5420460270904169,0.2022123620413983,0.1652112253641942,0.2538616926842735,0.35358737282426345,0.0763753033983336,0.09120178179784746,0.6569014862761491,0.6811102102108285,0.33781014870395465,0.25293055542982557,0.4498821756589598,0.1972646259999463,0.19876074393788173
84,0.19587628865979384,0.311390215461309,0.3496054870673215,0.1588659806274928,0.5248255675852402,0.5406050185936523,0.35466094188815817,0.22695150926831453,0.2595717596806071,0.4133278759047633,0.0757773098330857,0.09513767611780606,0.686137262597544,0.6990626944169311,0.6408026668765018,0.4827154320003255,0.41739470119287025,0.1953036553265474,0.20073837603412042
85,0.11340206185567009,0.2128523480004048,0.345989641366177,0.3281610806677322,0.5859282984849958,0.6082958182700925,0.2861979933293552,0.1775840144271792,0.20609902004246816,0.3743157283701365,0.06609793464479331,0.0834104690416976,0.6460002529148142,0.6380590818992665,0.5521403767349721,0.3046746509748537,0.4814995092674853,0.18695703413533024,0.18747599821693678
86,0.07731958762886598,0.2370687090777857,0.3273983494516796,0.163243097117322,0.4812917504231421,0.5029960157621842,0.25764787716022713,0.4024193255720445,0.24349591448936514,0.3649559605559861,0.05871150016546253,0.07591423220744441,0.6256031302991789,0.6541367606030707,0.7175115294938589,0.4525820455390157,0.46586903480139785,0.20248247001765332,0.2037219882590356
87,0.08247422680412375,0.26096466452657513,0.3007418863222739,0.22790413295695777,0.5149502091568243,0.544158823660512,0.2080328238125015,0.23551572116055386,0.23699154597517258,0.32216552456081116,0.061574061334463234,0.08183244381503005,0.6645248784543528,0.6857150699471175,0.7995947971303762,0.42498427016928786,0.5045884444432414,0.16331530128174196,0.17114541044512133
88,0.09278350515463912,0.18364620111541968,0.28426844552272373,0.18616045536151793,0.5196197501792196,0.5382138320732954,0.22387424843791498,0.13441785564674746,0.15206195015834933,0.2216346152156553,0.057132474927835755,0.07509661243132691,0.6533790744604252,0.6700038394456205,0.6776900649736678,0.37287209977586966,0.5083864114680504,0.14314353747434774,0.14800043931446938
89,0.04123711340206182,0.20348034718205782,0.18618805566614455,0.07058035000945262,0.5032155454522172,0.5333441023567977,0.3048073069713862,0.09036827415278781,0.20550481169583068,0.34196281476873847,0.04998719416275445,0.06957564079501302,0.6553033589051779,0.6793268804167885,0.6585533821798993,0.4208620203520066,0.5144572203645063,0.1432110131474931,0.1469854431787801
90,0.025773195876288624,0.20742879329835523,0.23131648898397866,0.3505251003348413,0.5326916799727733,0.5543066467304294,0.19411622290524727,0.1451829984543831,0.20937216628699185,0.5270754152461362,0.05244854475225942,0.07942821645014514,0.8969310867778795,0.9255007704454146,0.2961952450686801,0.2688077574844523,0.46185435344427084,0.1448501262390062,0.15113764809991231
91,0.025773195876288624,0.18259780482864524,0.3052365331648142,0.35615555863520987,0.509279082556608,0.533711029820067,0.3338585830781667,0.24458596804205568,0.1807379459992623,0.3587308962671035,0.05241485352475467,0.07446808727582967,0.8043689074602745,0.8227260988505806,0.3568625113298529,0.3078869386796166,0.46655206120957626,0.17946940556345378,0.1700335689280842
92,0.17525773195876287,0.3100373472266303,0.27165259276204695,0.20410251425822867,0.5512060690747778,0.5796709987104091,0.2905142555275027,0.021822949517341872,0.20415037248752166,0.16697119735271537,0.08648092278381078,0.1036741486249913,0.5692246055988169,0.5778410814188231,0.6753206617960102,0.4352318901466212,0.49241142235664914,0.20740113843378374,0.20071191176494646
93,0.12371134020618557,0.2043350238017913,0.2766583484498715,0.06848750172700546,0.6009249769058451,0.6315249662846897,0.18833953920092833,0.0,0.13992558876500438,0.2410373787737593,0.07134852761962315,0.08715669270315472,0.6213326341126316,0.6349801077739565,0.7003943597215884,0.36252388689871373,0.6368269745234214,0.13776625481753355,0.13212103462658975
94,0.10824742268041238,0.11906839951172699,0.14183567341237352,0.34073512489999747,0.6368592106948383,0.6634085814679018,0.10473049317347122,0.20331628621761988,0.1208721146947771,0.3731470947939396,0.06466309389124263,0.08745640487835296,0.7254917109516202,0.7526269611242625,0.8109987819826642,0.3608791841729573,0.6276492560154089,0.10848210695584468,0.10594897983450868
95,0.14432989690721654,0.25501970981832717,0.19971963636687579,0.37094132588666806,0.6380093864716389,0.6490305171054451,0.21729702750603203,0.1722771507800398,0.17758862471310333,0.25431215408345154,0.07490119890669884,0.08973682774376143,0.6502121773925336,0.675940418039198,0.7516460952277723,0.45257397323724846,0.593905942119272,0.16537408471532286,0.1661427893288766
96,0.18041237113402064,0.15314140214675037,0.2506434216289602,0.26865121414765447,0.6238639819281789,0.6474999837423866,0.17678858993071483,0.05158246520046461,0.13964896469258292,0.33279671661800136,0.08145293902032719,0.09489905556378934,0.6544533854300923,0.6462811984351624,0.6825494711229544,0.387992062168381,0.5499408826028803,0.1306364154486692,0.12745321944218824
97,0.04639175257731959,0.09912887023009054,0.17192847500599256,0.35689144020630104,0.6873021420366983,0.703231878139312,0.170500183604067,0.1955863193660139,0.1305200969354423,0.29284125841921493,0.0598363529730999,0.08047229297438169,0.7732540101470954,0.7812446345129015,0.7334964012464783,0.29263573522517805,0.6538908608797426,0.07887883302699908,0.0821720512459958
98,0.03608247422680411,0.29779375047790574,0.3505787525931919,0.31879311808744504,0.5006426115942473,0.5236546390781684,0.28890951925336533,0.23842093295130962,0.28484987512200965,0.31157999536221503,0.048307159109753806,0.06629029007943815,0.6086489233450522,0.6113959922376894,0.7183240498932767,0.42627579985012787,0.47079049363764147,0.22650403535672284,0.2246892506518811
99,0.08247422680412375,0.17333762472060393,0.29292551258406613,0.33395255034889737,0.5911718902167304,0.6122564142936575,0.2598425789485627,0.19355784411035515,0.2641468514651766,0.27159829240168964,0.06283879812969657,0.08137171463451497,0.6260248351660805,0.6310487899114076,0.7187165420683358,0.37029429931640556,0.5867634624980527,0.17427058362151762,0.17151980964346097
100,0.0,0.35096938097269886,0.43786542684777324,0.09399310276824302,0.4256801737881148,0.45034669402677674,0.3320562164108935,0.1449825367073425,0.25812588959482363,0.3377588164912576,0.03665831914947418,0.050394038306840444,0.5615893842926142,0.5674477670537644,0.5987611726444905,0.36536035205930983,0.4032607360735607,0.25796392591783635,0.2591680236437142
101,0.03608247422680411,0.3093034620984007,0.3483392775140302,0.08347413236728296,0.41902624614581174,0.4472185481529154,0.3035818708896188,0.1506523023676809,0.2725291649671524,0.2781684176653504,0.03622829847533807,0.051407191235103775,0.5627822615206417,0.5771138678646277,0.6454641417470847,0.4054242228101732,0.3818309688748227,0.25600130493478845,0.2524051342542804
102,0.0,0.3403775656598648,0.42501568877993506,0.10797674228459297,0.4395189771748086,0.47091604298195966,0.3390128173274715,0.15930939462247506,0.23189489617204895,0.2916925415621975,0.03813322980248009,0.05613153627560667,0.5868452000749562,0.6044676551881656,0.6872464428423649,0.3847675657866203,0.42281287005749024,0.23045647889454637,0.2372158316576976
103,0.010309278350515483,0.3066412090903153,0.3951909832043408,0.13188454624559687,0.42548311961735225,0.44356323684288085,0.32067809395269736,0.22505376900568153,0.2846382987667686,0.3817825657648838,0.03592657728085168,0.054575681370440596,0.5751950522247351,0.5921074382039477,0.6153014642855211,0.37361090062577884,0.39572358828185084,0.2611472881817277,0.2684802385454627
104,0.0515463917525773,0.28595206740650353,0.3646879390219013,0.0,0.4712002401513621,0.49473689730107534,0.28055797214259964,0.14188029489750864,0.21905856591140282,0.32200507989758254,0.04039677101609767,0.0561884846393485,0.5858107574500584,0.6032613462041174,0.6674814490252344,0.362571505238489,0.4737607229848876,0.21641515779819712,0.21646000044481367
105,0.04123711340206182,0.2590050172328015,0.27539595614176887,0.18901368014657915,0.5051529777865702,0.5341875224669222,0.3037906218847031,0.037629377272497155,0.23690642342211776,0.39739554461290016,0.04370975296442709,0.06078503026517862,0.637702911085604,0.654994517260752,0.6857965994987255,0.39369463565741136,0.39037517049090587,0.18128815643912125,0.18575770207380776
106,0.0670103092783505,0.21171374238059398,0.24526049044456305,0.2233542095282548,0.5653609841581405,0.588902783496539,0.1453108152950387,0.09478325585722502,0.19011023291235596,0.39422724876189974,0.05540568200783459,0.07599554184211414,0.6828784801594457,0.6954709669972619,0.8590472839595301,0.44099418682142577,0.5137644001511951,0.16049584494163702,0.16303486496627206
107,0.0670103092783505,0.20090301010383366,0.2503522417112927,0.35612995122622926,0.5620843257341637,0.5883997928934154,0.26992671032347676,0.14812580868755054,0.19998568028211128,0.293285649915927,0.05519409169840031,0.07802238373660952,0.673926535452943,0.6887829900463173,0.7531002669573404,0.3876834489869607,0.5054677070851367,0.14609981312829393,0.1534449920512514
108,0.04123711340206182,0.24987367700700208,0.33894024774116355,0.08477050961200905,0.48590802058846033,0.5149711756293455,0.3097902709514178,0.11074445164622504,0.24144148036953594,0.30117674952832985,0.05065415088431305,0.06720417326860578,0.6214277723753602,0.645748906939054,0.5028214927566359,0.35195443127986303,0.42999177009750245,0.19658863006609664,0.18987776482767887
109,0.04123711340206182,0.21376896557781094,0.2735415993097699,0.18100746933263334,0.5509563938060953,0.5718418915274345,0.22813259866861985,0.050168529233884485,0.20398190867807464,0.2741191672597737,0.05261678132930604,0.07141043819022307,0.6129587018137898,0.6237343850907774,0.6499019065046191,0.2879441922018824,0.49559888501497273,0.15962419824045124,0.162330383059135
110,0.20618556701030932,0.23212687231417423,0.31975920974052857,0.18605471742128343,0.5217367432023025,0.5472638381455962,0.34526116366267706,0.1306986435444446,0.2396187804417268,0.2670262936760056,0.08056227341092687,0.08848345653961856,0.5858134593823024,0.584296388882511,0.6968735391953814,0.37031117034592964,0.46974094528129584,0.18351646903737037,0.1869707623705355
111,0.08762886597938141,0.0972289972362228,0.11283931783084583,0.6559133771376833,0.7971546363198495,0.7947871189476694,0.14100064980254884,0.13540098403906442,0.0582306566369466,0.3121025076869902,0.06683823595777244,0.08802225250965652,0.7825683121779536,0.7787593635056799,0.7622330841781829,0.3132476778766973,0.7185283429862744,0.06304545132472797,0.06815963868054836
112,0.11340206185567009,0.15858084595610417,0.1936010611534919,0.49972677753426864,0.7083679981161297,0.7145964957642902,0.22441540110613495,0.19899453921522348,0.18122293657584854,0.21546712626746,0.07096432186161797,0.08802572621552855,0.6906897468088442,0.7101456699483927,0.6887222824766587,0.29914153863478465,0.6396301545697458,0.12817195534422207,0.1230891639376856
113,0.09793814432989689,0.21518211401081472,0.27530788205246187,0.4662206168958434,0.6858995159501196,0.6969383130516661,0.23583771315080054,0.09193921058959575,0.20289791311020966,0.27783316418629667,0.06907458684366495,0.08390837249354995,0.6461345696835112,0.6490546627180307,0.6621589363347055,0.25620948756651307,0.6730213578164689,0.15610075841103713,0.1578939370957832
114,0.061855670103092786,0.16770338486730912,0.18602170844880733,0.2856140571623875,0.6904671641885861,0.6985135560892902,0.1816127445508921,0.21882165360462658,0.15101328227340882,0.4206856781075049,0.07000716164197847,0.08311103771205511,0.716973647627382,0.726107530056252,0.7679764037250666,0.35695978062165,0.6151197185656736,0.1280937904362672,0.12616007519300848
115,0.11855670103092786,0.1438436929706815,0.15715830809006098,0.505978662107649,0.7361598059871124,0.7401928423101255,0.22893018252666558,0.21984506974488705,0.11092841433256351,0.29580518237260456,0.07960242535314044,0.09394778381202071,0.6708074304783328,0.6635614747924016,0.608276472058148,0.20303717920267395,0.6487256763694843,0.10398898968595485,0.11354254832192406
116,0.35051546391752575,0.7494102202832367,0.6471585575188348,0.13345602180549454,0.25257661855950964,0.25473811540887853,0.6973397330959124,0.635005332397262,0.5939842780059759,0.16584411871731375,0.048312186664626826,0.05436822084162468,0.26039200203391255,0.25927831505627663,0.24217023712374575,0.627661076228158,0.23625164005605492,0.6090270607666978,0.6092646607798757
117,0.09793814432989689,0.12811928703218173,0.21091763026670335,0.6182095127947729,0.7620006800104394,0.7629903614681174,0.18163661091279876,0.5583075286661245,0.18836508976624888,0.25494325888400227,0.07208839631298389,0.08694004016492514,0.6376922975035458,0.6220713663136084,0.603091142172724,0.1433987922753277,0.7572473616020611,0.12222581988629486,0.1260437331028138
118,0.0515463917525773,0.16776339463080975,0.26412714371130325,0.49572327296788865,0.7565273259546991,0.7514007876381109,0.27972031091991617,0.4609421430072649,0.17309516056263552,0.31185778675007725,0.06002341747847299,0.07558073635997074,0.6678219468794393,0.6745281793112268,0.5727884643752966,0.23083440474655048,0.7071555930611303,0.16279053437384491,0.16797566850394258
119,0.04639175257731959,0.15923167522132536,0.21152263410963895,0.5743048331591027,0.8090273527921256,0.803651681568521,0.16467248335053725,0.5072908211353262,0.07012886544509067,0.3232419143916635,0.06480355064519132,0.0824385323042805,0.7095140780688066,0.7253571329750065,0.575771060961826,0.20511749359825937,0.7776297019011901,0.10404478449342089,0.11562759077773355
120,0.35567010309278346,0.16308835726579712,0.22307537192590526,0.4278779047568102,0.730703998200856,0.7340558472286368,0.1667487875659444,0.36432030413138117,0.1514529883721364,0.2832098090711338,0.11686812079792666,0.13222063551422544,0.6631454253697967,0.6694834526656684,0.7768319137505982,0.3591413235785148,0.6763299848439145,0.1340478028236968,0.1362232477463689
121,0.030927835051546337,0.4157285143266288,0.425326994311429,0.09615525024763638,0.3133706593277285,0.3226818167448814,0.4036700255328976,0.13043230076819778,0.48442026975143837,1.0,0.9999999999999999,0.9999999999999998,0.762575182945089,0.6415029494623723,0.6550201024273846,0.7883074891223365,0.2300287732219014,0.320371243310659,0.3212694305543993
122,0.061855670103092786,0.2625797588179521,0.23138508816589703,0.3617007934355949,0.7007615255271293,0.707150606164459,0.2099664136148029,0.23092599364923716,0.21279608237555425,0.29070477810359907,0.05664790116360974,0.06919780064151773,0.6873480130751175,0.6831488049031419,0.6626342296896796,0.33568695906855006,0.6381165333635908,0.15494564645416506,0.1656224749895573
123,0.20103092783505155,0.16634212985432745,0.186129817553427,0.487335597199021,0.7765739963506687,0.7821486634555664,0.2300497657486476,0.3408386782620416,0.1381795553819054,0.24701540022245194,0.08370102975973392,0.09896193859792182,0.6496660296359135,0.6519890494744818,0.5992034469601241,0.23072785327457535,0.7177673544626652,0.10051044835965209,0.10367079345364383
124,0.3711340206185567,0.2631139568742927,0.23950281020293923,0.5316031344801941,0.7087202821361989,0.7093815595140055,0.29282990884053156,0.285391949386143,0.22631164612695376,0.21867700523937217,0.09230682993929973,0.10604199498922659,0.6098054403592937,0.6042149010803681,0.595216578379207,0.3186566736238037,0.6710441241412036,0.1633554381382167,0.16873607060293544
125,0.3041237113402062,0.21000456119724803,0.24279922857230146,0.511737326589639,0.7196939701761492,0.728736042394077,0.1633357649330442,0.31090281233256856,0.1891275442349627,0.15806224327986518,0.113831664315386,0.11823422572057998,0.5521350986018454,0.5553306029374105,0.6718417415669954,0.34541611130933236,0.7000095102382983,0.14965127562871863,0.15622574373107556
126,0.17525773195876287,0.1576176231845508,0.34088512446277436,0.3443569608990158,0.6885671766588412,0.7037263935879509,0.27521987116740926,0.30218579300978354,0.175007562042918,0.18318392457594823,0.08343346481510376,0.09310059141920794,0.550265258155201,0.5462856277320995,0.5764922001323304,0.2299875612977147,0.6616876680041534,0.17184442575540385,0.17018010405269413
127,0.11340206185567009,0.12976379596599696,0.13454534426851977,0.43442443329445823,0.7569065700814381,0.764548632118708,0.15175685281626922,0.27494502699369017,0.13441701906267933,0.25875618538944145,0.07367968984305193,0.08931308853547774,0.6877915544394004,0.6941733246138413,0.5801757551808241,0.20392091321136596,0.6790995308779023,0.1028380469083339,0.10183743964893155
128,0.10824742268041238,0.16487060621760313,0.2367296646547013,0.36442045862327066,0.6999276316553183,0.7037966314761285,0.21251200702889023,0.3326283688491294,0.21975795150240474,0.34518654386060643,0.07194954642641402,0.08997823866801963,0.673049381997849,0.6758034674119108,0.5630467213955198,0.2556145154764582,0.6146056185832742,0.14940607432549904,0.15689879162213533
129,0.08762886597938141,0.08298338083117096,0.12335153044046016,0.5836964262971489,0.7991115756812934,0.8056328482857747,0.07476428445314937,0.3877796014810735,0.07219613619383014,0.36671844423876354,0.07179585757862282,0.09155642447103232,0.7300394743386678,0.7356567510161256,0.3548735806456199,0.05018537015693747,0.7292102148367398,0.051332783963748574,0.04777683296783575
130,0.1649484536082474,0.05299633305093132,0.1235819073876348,0.5497760232833486,0.8497419180535044,0.8652086214616758,0.09431657634727114,0.29329043647092834,0.0,0.32797978349860457,0.0843846714725402,0.09932159028839806,0.6855484489270651,0.6868837800882026,0.5515940794645521,0.08863534671945916,0.7818478668529462,0.03259995140511221,0.03476869294242174
131,0.12886597938144329,0.0861680401174344,0.11324778629838278,0.5009218927612773,0.8286006618025017,0.8218889114194303,0.09661144652688819,0.3948368309273751,0.07386428204673823,0.21578167989713293,0.0793990250467681,0.08551769442651637,0.7298328837853694,0.7301431559944478,0.5574311606453126,0.1199449640035144,0.7927681534244176,0.04011392659908375,0.04494282196796662
132,0.2731958762886598,0.1103718691754787,0.16955278565603465,0.5050912994899566,0.78649715491538,0.7922067885313903,0.15854977150978883,0.33097663488797435,0.11294343096508586,0.18634187482840947,0.11009257474267779,0.12222844566446492,0.6068523827970785,0.5976444633926328,0.6737641174431995,0.17804591438937778,0.7251484565900833,0.07029317548862515,0.0747935268393865
133,0.25773195876288657,0.11087351632646064,0.19676655471676735,0.4582609670956679,0.7916611297808966,0.7911765661686063,0.22058517533353933,0.3968077685664806,0.07685437502472325,0.2647386269100852,0.10188952938188883,0.11678155533610879,0.6438906135416902,0.6328522906479622,0.6311484108184039,0.17213070558065402,0.7772046906297244,0.07100828174125337,0.06897290318002297
134,0.13917525773195877,0.10981472026889766,0.17404170959725968,0.3547056422156123,0.7732593582115767,0.7660723105870987,0.16883563591377476,0.32932444080816037,0.08924341806907166,0.31678561010442274,0.08081709162870727,0.10679133409548475,0.7619247107259572,0.7438348341762823,0.7676829144717862,0.32414523079009827,0.793356361936414,0.06809494962584431,0.07081786079259028
135,0.14948453608247425,0.06331784798390389,0.1642492329763074,0.473324844176366,0.7975411770363108,0.7963387119304386,0.09663814685268596,0.43569910392703326,0.11561737215512535,0.31175792521512224,0.08253655415139141,0.09702885079656687,0.7684836530244995,0.7613206376451309,0.8050313473733143,0.31780421104103307,0.7505609444927565,0.0610022048523276,0.06430519102247634
136,0.14948453608247425,0.12464920370984756,0.1642385346207837,0.3971702620815214,0.7704432517925429,0.7689362955618155,0.15952348202938754,0.31674514141699883,0.11560622119512376,0.29139095752539046,0.08324239501169657,0.09551299582376739,0.72414401411387,0.7255650023808223,0.7346298215474573,0.2627712922445713,0.6772014899959958,0.0787671147638557,0.0803647768726502
137,0.13917525773195877,0.11774781036007281,0.172248570167496,0.48130385569136136,0.7705151428498129,0.7771593469215593,0.10796075136451871,0.25332956238998916,0.08637180999347682,0.3172192582187111,0.08236845738861963,0.09187469667907293,0.7257764546654357,0.7352831053696648,0.7546044860871138,0.2850886979690761,0.7266430923716697,0.0735364917969403,0.07618095911266537
138,0.22164948453608246,0.16429411092217044,0.2166690690451622,0.5498936707080571,0.7095503396525509,0.7179481213071793,0.23227245411375325,0.4055589248400895,0.15200508194916262,0.2728263173043882,0.030511360218207634,0.049660063026691306,0.6214554012185887,0.6238203590869109,0.6645420902323819,0.19110453053035137,0.6041181014384259,0.11939022120362455,0.1187143150917847
139,0.14948453608247425,0.11358910001824679,0.16730306004014345,0.550835417214123,0.7901009748584871,0.7855378016717988,0.15273870941919382,0.47791182416564704,0.08935594898395971,0.3142069985350896,0.0837236261512137,0.09825677847416116,0.7477665679468871,0.7367349319860778,0.81308783189217,0.31670563090236925,0.7850229773343714,0.06337777480672555,0.06567502830164279
140,0.13917525773195877,0.05284638330754904,0.17305001428069994,0.44187808247985116,0.8141413140088033,0.8152951954626898,0.07719142218336678,0.554274546518756,0.09660534757811157,0.3216965746914636,0.08293453460021577,0.10571095192409052,0.7587253897995996,0.7523011607987855,0.7047100565703753,0.26518658406420115,0.7031283721546445,0.0565790543040296,0.05605788787030935
141,0.11340206185567009,0.11833230865647615,0.15903531729363846,0.4211197931999322,0.7987346839172662,0.7946499661810007,0.09412165418299273,0.43876762287870497,0.12021707823739225,0.29699506445416446,0.07719749185021553,0.09829404347639754,0.7500401488438728,0.7399998574154503,0.6395984297295679,0.23649026617063584,0.7627855762668411,0.06750669613383167,0.06806474887105018
142,0.12371134020618557,0.1255764044648714,0.1908423364047293,0.4037133919451259,0.7715487268820783,0.7770542046217714,0.13036287139796837,0.3231486840973501,0.12017217720686713,0.328876012316614,0.07594539054017005,0.09261034669585254,0.7243022414314647,0.7278508536773524,0.6894693687994035,0.24477514763632602,0.7627105991203763,0.0821585060210476,0.08857926297937146
143,0.1030927835051546,0.0206545257028537,0.1119440826679024,0.5873362430621807,0.9259152319172876,0.9070024790235167,0.043370999297271506,0.48308542552816713,0.06360032117135062,0.3101779118538389,0.08297617165266348,0.10019611034655657,0.7491617649591137,0.7497588768837375,0.641912434118907,0.15002121588532225,0.9244644158324767,0.013536566768122982,0.015976103710020118
144,0.11855670103092786,0.014709474290794777,0.07261002007507239,0.5388207715329099,0.902497255600653,0.8952210690082893,0.1027519392399831,0.530240842299887,0.06942873947060624,0.22206508077706044,0.0789405776932964,0.09980354531026094,0.7307664544470832,0.7263454849791949,0.6256187384510766,0.1657891223040664,0.9094695853575833,0.022295043887275656,0.02356792986236983
145,0.23711340206185572,0.1088850729289606,0.1918060546566664,0.7484750719339319,0.8354044180546125,0.8229310141795789,0.11213341998327636,0.8241411760057187,0.10444953604161644,0.380921302464753,0.11202383180894075,0.13175522944077717,0.835816589586713,0.8258964083219674,0.41631235647902354,0.07144204953847177,0.758815560990684,0.057710321085556765,0.06441405903526776
146,0.13917525773195877,0.09630008708852444,0.20968852979503366,0.54833611896971,0.8000899203023718,0.7875292367239635,0.12289278494476658,0.8895916931008518,0.12542103037681795,0.3937402318263771,0.08720086840284212,0.10837784539172521,0.8476245621862026,0.8515978388666477,0.3391710898551,0.03274748028413943,0.7386760215736431,0.07360272639221813,0.0750281454128433
147,0.061855670103092786,0.11778725797477413,0.1646670888999046,0.7751818238386967,0.7609360302207365,0.7525434951087407,0.17806484124310545,1.0000000000000002,0.1752600726496023,0.416017474826441,0.07671320700328843,0.09755365258534791,0.850431399059564,0.8442190454769527,0.30894027867517704,0.028900838281987085,0.7267336937955208,0.08647824378507082,0.0945272482826523
148,0.09278350515463912,0.15494338199003027,0.23180750065861638,0.4219895881276894,0.7381973051852644,0.7326892322707713,0.15123603670639046,0.7513724289961277,0.18123124246578048,0.4661987952096843,0.09135878223207136,0.11269099436602262,0.8274262698843019,0.81685389617073,0.4043146755791316,0.11367985627522326,0.6121011053284452,0.09317631292651288,0.10277361878439312
149,0.0515463917525773,0.12216327441348729,0.21334782198732388,0.6516454893766279,0.803889351861549,0.7917681125054071,0.08892487740933724,0.827958566619847,0.1378470520985603,0.4123017186122574,0.06903585288605472,0.08202840577312491,0.8052864024102978,0.8023463305564371,0.3341412252076136,0.0,0.7682275703248075,0.06966333486362428,0.07672062381331496
150,0.04123711340206182,0.0,0.0,0.5014938038319527,0.8955624972618987,0.8827407983385324,0.0,0.5585661365026897,0.0835225148556159,0.5374426539595948,0.06416490466452848,0.09161025079222931,1.0,1.0,1.0,0.4256082311236704,0.8677597070718551,0.0,0.0
151,0.030927835051546337,0.05920077204468993,0.13882491796217095,0.5669324792640931,0.8977850945526732,0.8765844541214538,0.08943367869076518,0.8028871418255938,0.09915137461001755,0.4310671526781066,0.06609369674599846,0.0893944042509784,0.9403338021840422,0.9280352007854245,0.7725903105396693,0.26435720174402877,0.8675341336750934,0.025228528991779464,0.03454473046540146
152,0.0515463917525773,0.05460369116982661,0.14835256496384847,0.4267541496696179,0.8379458317843559,0.8343352548492076,0.0888722990773772,0.32194546693742776,0.0756492511594109,0.46298100164212663,0.06496669608888843,0.08973181572166503,0.922118807185988,0.9092434899660078,0.9381977053761822,0.37910810370975123,0.8513207621830906,0.028367037300869063,0.029599599078307892
153,0.20618556701030932,0.08072978897133526,0.12947898087785964,0.5068956138614171,0.8416558808542495,0.844354681825022,0.1035707014864376,0.4957488376370043,0.08138683357714249,0.32261651859657225,0.07630724195423784,0.09960658727974062,0.8455378790451143,0.8439352093262112,0.9249566074020082,0.40950364060643674,0.8231917485623398,0.03981768550723519,0.04224693616850034
154,0.14432989690721654,0.044423949349503944,0.17669772882369267,0.5452003679448685,0.8016621800806634,0.8085509320149463,0.09156202499200955,0.42470334247592234,0.1145295799188415,0.39544044693383185,0.08375090053519384,0.10136472828982772,0.8497513545385704,0.8611124317931028,0.8750259258717868,0.3234143489021657,0.7463328899366063,0.04741431512320515,0.049956976418327914
155,0.3402061855670103,0.019377317510423153,0.07209687185618147,0.4720882154447146,0.8883761009103467,0.8788582278737299,0.035815042519410256,0.22047535592766487,0.03331822521748484,0.3151848817681361,0.12413009869817346,0.1399829716925796,0.769793433260857,0.7659238304460578,0.8251407720037126,0.27738169190241946,0.8019168501071706,0.019774128970279248,0.018133908744522864
156,0.14432989690721654,0.02915058973251211,0.13771458494372063,0.38740321595599303,0.8664904393142999,0.8704643421787647,0.09441409123837635,0.28339573885764335,0.033176103644218524,0.30059264531621677,0.08088642390335041,0.09404272124741767,0.790385415268314,0.7784756667782184,0.8858079591218074,0.26183092662448604,0.8591574556103251,0.024420151141385488,0.0261637587214828
157,0.1030927835051546,0.10147979103850968,0.1638215776889657,0.40303980073825896,0.7958790473800533,0.7933616870426546,0.15913560288359635,0.3258445446545166,0.04830414615813172,0.3443161524985542,0.07082516204468665,0.08832736933813917,0.7335686875053271,0.734177183794933,0.8122895729948992,0.23277195403671058,0.8516846530566461,0.07157174104940325,0.06859294920375347
158,0.09793814432989689,0.09708993404827154,0.20676527568624808,0.5335427265826183,0.7972600578136065,0.7943774590295252,0.09117459598684169,0.4369731981996785,0.11561284860752008,0.32912881447487663,0.06420969746297268,0.08615459480527755,0.7488132152946505,0.7565498110556164,0.7809406809451379,0.2918451009922891,0.7455210055530889,0.06382742257000992,0.06868638475692546
159,0.38144329896907214,0.08345218313709557,0.1418487162881969,0.35357094644443077,0.7759336724268949,0.7822634259442269,0.08015329276540933,0.16518719895112133,0.10753097199432604,0.25031228272383166,0.11860604982340545,0.1342538366573081,0.7015538046767709,0.7039879438038361,0.7229111721272005,0.24188936510884584,0.6868293078637481,0.06168333907555096,0.06703873181380998
160,0.4381443298969073,0.11270522610250261,0.2220969733675871,0.3677745026971382,0.7483367792963949,0.7515677056373413,0.0984677402103375,0.14862061397733428,0.13218156739896725,0.337946047297658,0.1323243288307312,0.13871458512494106,0.6825628380369057,0.6715507054232487,0.7236670256406817,0.2742752295426971,0.744371488583644,0.07964079416118916,0.07896347023104483
161,0.31443298969072164,0.07830738077376714,0.15851390110897173,0.5512182899531843,0.7822707575769542,0.7865463717921004,0.20613928866745185,0.18239684246357823,0.08240340526314838,0.20101164735944865,0.10818120262488984,0.12593941769877626,0.7150967146723702,0.7014092528587536,0.7935184311501883,0.31220906213050137,0.7043899775884567,0.06325063034013226,0.06107925165734851
162,0.3298969072164948,0.13600311390936126,0.17177595091823977,0.3726837848801212,0.7661025277826844,0.7722076392209055,0.1957030461807488,0.12961673901856874,0.08873477069168467,0.3638344450962684,0.11608812998328949,0.1293239665738886,0.6965953351318018,0.6914131451695394,0.775887984048525,0.32329662779867063,0.8149856298650132,0.07311198383353476,0.07831925718519639
163,0.5051546391752578,0.0772377668013372,0.15719595856278018,0.49568294141301106,0.8380059563367893,0.8364398232788254,0.17946183124919884,0.5224014036174518,0.07132981672833782,0.36967492668676816,0.17945520410215163,0.19116561027292364,0.7473909937700259,0.7393343881181287,0.5798656023168883,0.15291578509214943,0.8424308365539616,0.04944006287197378,0.06199624312871321
164,0.365979381443299,0.20943030545849778,0.27581026920549595,0.46903562033200963,0.687821614308321,0.6940492769733008,0.20407974621156105,0.40538257511925635,0.2405901369553577,0.4236570348998686,0.11633904557822589,0.1377646942999337,0.7422150548371131,0.735756206337512,0.6410185100124134,0.43034804994062936,0.6631029407831438,0.16900696580146943,0.17032708928064139
165,0.40721649484536093,0.3361336826671813,0.385235335932308,0.4951411098266092,0.5852149665663401,0.5945237199523102,0.30271419653681403,0.44700573987957637,0.3523371917893441,0.4041552255539026,0.10570787594015772,0.12035420171859385,0.7391310470074782,0.7405877673829097,0.52348705053815,0.4703691788397071,0.5236217291940091,0.24063189443620628,0.25683624941824174
166,0.15979381443298968,0.44945753982516584,0.4351773221134401,0.2400965974650986,0.42939724463307294,0.4445113480803362,0.43722385130029723,0.30105150574899353,0.4123188596944841,0.3437541821003701,0.06451548975179809,0.08668208493220285,0.576802575992901,0.5952746960168868,0.43142780861700947,0.43919624762003817,0.3305795670734879,0.3332601888760227,0.34156536368055396
167,0.25257731958762886,0.17248936133535814,0.238036687998397,0.2697321177124534,0.5584536297349676,0.5856650877744225,0.26943023608744937,0.23551606152236304,0.19681007474975154,0.4456318614367346,0.08631893446125956,0.10677393374602603,0.8081253773083731,0.8206685258992434,0.5704875740265943,0.3383384527327926,0.4791723799854978,0.13715236822418678,0.13317936109535705
168,0.12371134020618557,0.31255886118034365,0.2826323731003672,0.25362378943714603,0.5611492923357884,0.5824711968905878,0.2972523534968368,0.3379938708004073,0.2372133794186272,0.27979630728807503,0.06832829618908329,0.08040190933666924,0.5586995244630271,0.5709047279681246,0.63663494285932,0.33811060852687214,0.47042817512380863,0.21588860964462278,0.2168605953725799
169,0.13402061855670105,0.10444426037740717,0.21171393543816147,0.5189838770191029,0.6899196069447701,0.7120027264388361,0.09615933258468051,0.1288581038411658,0.13251261234321032,0.2598329915544776,0.07555461080186222,0.08820161226369459,0.6875161086944235,0.7070252751219542,0.6178262510658913,0.25993025741293474,0.5889353764041626,0.09181761237361027,0.08929269614323765
170,0.3298969072164948,0.36404120656231925,0.3939757979669745,0.14118324085435408,0.4590652178999008,0.47856407650296545,0.36796156395719554,0.1566613149037761,0.2890417402442107,0.3999000540114027,0.07127630340560258,0.08669328755149053,0.598786626092784,0.6242092708600219,0.5624552931314367,0.43657525970559896,0.41297973197240434,0.2600445448098747,0.27145891534279903
171,0.08247422680412375,0.16448300254185383,0.2982508054728393,0.30512701015598087,0.621927672448294,0.640001203940613,0.24084219894376885,0.22963092937185747,0.22317646434407667,0.38402068082429464,0.05823997178572604,0.08076642868215872,0.7324720987620787,0.7401836756252871,0.49107732374474355,0.2593368025666849,0.60750839670343,0.16418302417943878,0.16788742299720238
172,0.14948453608247425,0.12464920370984756,0.1642385346207837,0.3971702620815214,0.7704432517925429,0.7689362955618155,0.15952348202938754,0.31674514141699883,0.11560622119512376,0.29139095752539046,0.08324239501169657,0.09551299582376739,0.72414401411387,0.7255650023808223,0.7346298215474573,0.2627712922445713,0.6772014899959958,0.0787671147638557,0.0803647768726502
173,0.1649484536082474,0.3018193188390596,0.3100840050988755,0.25163555030729023,0.5900720241160049,0.6138426905402463,0.24007490186114738,0.3125704079116629,0.2654851550922751,0.32306932251861087,0.08025939995475141,0.09039308063174736,0.6531683810104765,0.656090537286405,0.5654813594876659,0.33899707152434244,0.4985366757435633,0.20823417592956858,0.2173923547271494
174,0.19587628865979384,0.311390215461309,0.3496054870673215,0.1588659806274928,0.5248255675852402,0.5406050185936523,0.35466094188815817,0.22695150926831453,0.2595717596806071,0.4133278759047633,0.0757773098330857,0.09513767611780606,0.686137262597544,0.6990626944169311,0.6408026668765018,0.4827154320003255,0.41739470119287025,0.1953036553265474,0.20073837603412042
175,0.10824742268041238,0.16487060621760313,0.2367296646547013,0.36442045862327066,0.6999276316553183,0.7037966314761285,0.21251200702889023,0.3326283688491294,0.21975795150240474,0.34518654386060643,0.07194954642641402,0.08997823866801963,0.673049381997849,0.6758034674119108,0.5630467213955198,0.2556145154764582,0.6146056185832742,0.14940607432549904,0.15689879162213533
176,0.10824742268041238,0.1993584891324111,0.23910135202096922,0.35628699311073175,0.6021885085936043,0.6186185735388247,0.23183401883232385,0.201779677622417,0.1639034865185136,0.3587909298497626,0.06275194617496867,0.08804210454603031,0.6733642367587299,0.6858657871059323,0.5684192088402155,0.29788533261496486,0.5108712546219267,0.15069150212322893,0.15081038007023745
177,0.1546391752577319,0.14868736778977004,0.227418907989205,0.26426268169149414,0.6175352927187371,0.6376068364869044,0.18599150996137198,0.09449529150514713,0.15716345148711242,0.31322257925110664,0.07527664138527874,0.08686515626708148,0.6263978793256246,0.6336754615954997,0.727172871453401,0.3652489539077788,0.5727837784683834,0.13792035234177832,0.14461888277176316
178,0.03608247422680411,0.1489426243070276,0.24316062822698564,0.178553778652224,0.6354584999701308,0.6581011178612924,0.2766031343008533,0.18268611623020115,0.14879970025081946,0.3901813724283344,0.05585569627131361,0.07659727791754102,0.7412714378287559,0.7687353510300414,0.7896799324826914,0.3683324698651216,0.5862958768801526,0.1028075763037882,0.10579861427390935
179,0.07216494845360827,0.28949313931415127,0.3521817754509033,0.38999425091346573,0.5969731277724688,0.6007215102000332,0.3632822420785465,0.3366054962640148,0.3080446732836497,0.2508083332978347,0.0557083533774705,0.0708535920879655,0.558007052912335,0.5544607038009601,0.46901411248960345,0.26599054828049407,0.5073752160729053,0.22406369589263533,0.2319967048147607
180,0.07731958762886598,0.16274689343421428,0.23998918371399242,0.516989413706527,0.6879586511014323,0.6935026801849773,0.2553906242373161,0.46272490939815825,0.1705258501400706,0.3083786832916494,0.05864459757676306,0.07645275631114325,0.6528083102909124,0.6619021000383055,0.6051339127733274,0.2843339499235489,0.6336933133121837,0.14895091132115665,0.1495390307072823
181,0.08762886597938141,0.17053357834778365,0.2587314467734679,0.5602773296803905,0.6540581931860711,0.6655741846598686,0.17178104097408692,0.34778034357800647,0.17011528226142636,0.34696307923510405,0.07126095706525785,0.08441354954891132,0.5802621105197302,0.5728749377201348,0.5029060114022774,0.1896690905730869,0.6165520913494503,0.16704520808630832,0.16692497372707454
182,0.09278350515463912,0.2629943827102926,0.30283404140983244,0.5550450868993764,0.6528317317120713,0.6565904948057756,0.17727765947811686,0.3600099808596282,0.20636687165385803,0.2860433404838779,0.068110875129171,0.08154483706750805,0.6380406272561853,0.6252077808233969,0.5332553115289161,0.22660553906253988,0.5779361543112661,0.16209089062897977,0.16951321775925554
183,0.09793814432989689,0.0674270399526859,0.11703085439021649,0.7430037973859889,0.8738416871449146,0.8575422514958067,0.094157083908821,0.8329961846109042,0.11160377159368307,0.44965700682040277,0.07622664824522117,0.10193492997309139,0.870053251039601,0.8669245131182084,0.38527281294654014,0.04214403734780103,0.8299794073244048,0.03831023564431446,0.04650898966415773
184,0.08247422680412375,0.060136467814582095,0.16033064274157632,0.7325590432728581,0.8918689331917468,0.8722541989529313,0.0626964574935428,0.7377965938250053,0.06120823019799182,0.3435353713699417,0.06506359133858423,0.08353935163074487,0.9166809993094885,0.8964445327027689,0.7336650357142681,0.21740091106982118,0.9094852668059895,0.024497202861993833,0.030692765764428254
185,0.030927835051546337,0.05920077204468993,0.13882491796217095,0.5669324792640931,0.8977850945526732,0.8765844541214538,0.08943367869076518,0.8028871418255938,0.09915137461001755,0.4310671526781066,0.06609369674599846,0.0893944042509784,0.9403338021840422,0.9280352007854245,0.7725903105396693,0.26435720174402877,0.8675341336750934,0.025228528991779464,0.03454473046540146
186,0.04123711340206182,0.0,0.0,0.5014938038319527,0.8955624972618987,0.8827407983385324,0.0,0.5585661365026897,0.0835225148556159,0.5374426539595948,0.06416490466452848,0.09161025079222931,1.0,1.0,1.0,0.4256082311236704,0.8677597070718551,0.0,0.0
187,0.0515463917525773,0.05460369116982661,0.14835256496384847,0.4267541496696179,0.8379458317843559,0.8343352548492076,0.0888722990773772,0.32194546693742776,0.0756492511594109,0.46298100164212663,0.06496669608888843,0.08973181572166503,0.922118807185988,0.9092434899660078,0.9381977053761822,0.37910810370975123,0.8513207621830906,0.028367037300869063,0.029599599078307892
188,0.20618556701030932,0.08072978897133526,0.12947898087785964,0.5068956138614171,0.8416558808542495,0.844354681825022,0.1035707014864376,0.4957488376370043,0.08138683357714249,0.32261651859657225,0.07630724195423784,0.09960658727974062,0.8455378790451143,0.8439352093262112,0.9249566074020082,0.40950364060643674,0.8231917485623398,0.03981768550723519,0.04224693616850034
189,0.14432989690721654,0.044423949349503944,0.17669772882369267,0.5452003679448685,0.8016621800806634,0.8085509320149463,0.09156202499200955,0.42470334247592234,0.1145295799188415,0.39544044693383185,0.08375090053519384,0.10136472828982772,0.8497513545385704,0.8611124317931028,0.8750259258717868,0.3234143489021657,0.7463328899366063,0.04741431512320515,0.049956976418327914
190,0.3402061855670103,0.019377317510423153,0.07209687185618147,0.4720882154447146,0.8883761009103467,0.8788582278737299,0.035815042519410256,0.22047535592766487,0.03331822521748484,0.3151848817681361,0.12413009869817346,0.1399829716925796,0.769793433260857,0.7659238304460578,0.8251407720037126,0.27738169190241946,0.8019168501071706,0.019774128970279248,0.018133908744522864
191,0.14432989690721654,0.02915058973251211,0.13771458494372063,0.38740321595599303,0.8664904393142999,0.8704643421787647,0.09441409123837635,0.28339573885764335,0.033176103644218524,0.30059264531621677,0.08088642390335041,0.09404272124741767,0.790385415268314,0.7784756667782184,0.8858079591218074,0.26183092662448604,0.8591574556103251,0.024420151141385488,0.0261637587214828
192,0.18556701030927836,0.06900313146150644,0.11123769314657622,0.4296637651325941,0.8637345658656319,0.8661723168451784,0.07420172621840321,0.3655014087263324,0.046351324382583825,0.23173489015583792,0.09458091582307047,0.11056042289512968,0.749286480374189,0.7322890911819786,0.8181659854451547,0.2630270229002789,0.8236044090709024,0.02722848436722322,0.03314754131903308
193,0.20103092783505155,0.0642273166408478,0.1904240228313287,0.3133587913486433,0.8375918290332487,0.8364912686653792,0.14340213411862396,0.203696777913714,0.051744529479933576,0.2546141822918552,0.10713203949597484,0.1219923488876603,0.7238784802201488,0.7172412702198763,0.8104631323008321,0.2961778416436105,0.8020161245058205,0.04402280102094519,0.045707749843048706
194,0.1030927835051546,0.10147979103850968,0.1638215776889657,0.40303980073825896,0.7958790473800533,0.7933616870426546,0.15913560288359635,0.3258445446545166,0.04830414615813172,0.3443161524985542,0.07082516204468665,0.08832736933813917,0.7335686875053271,0.734177183794933,0.8122895729948992,0.23277195403671058,0.8516846530566461,0.07157174104940325,0.06859294920375347
195,0.09793814432989689,0.09708993404827154,0.20676527568624808,0.5335427265826183,0.7972600578136065,0.7943774590295252,0.09117459598684169,0.4369731981996785,0.11561284860752008,0.32912881447487663,0.06420969746297268,0.08615459480527755,0.7488132152946505,0.7565498110556164,0.7809406809451379,0.2918451009922891,0.7455210055530889,0.06382742257000992,0.06868638475692546
196,0.38144329896907214,0.08345218313709557,0.1418487162881969,0.35357094644443077,0.7759336724268949,0.7822634259442269,0.08015329276540933,0.16518719895112133,0.10753097199432604,0.25031228272383166,0.11860604982340545,0.1342538366573081,0.7015538046767709,0.7039879438038361,0.7229111721272005,0.24188936510884584,0.6868293078637481,0.06168333907555096,0.06703873181380998
197,0.4381443298969073,0.11270522610250261,0.2220969733675871,0.3677745026971382,0.7483367792963949,0.7515677056373413,0.0984677402103375,0.14862061397733428,0.13218156739896725,0.337946047297658,0.1323243288307312,0.13871458512494106,0.6825628380369057,0.6715507054232487,0.7236670256406817,0.2742752295426971,0.744371488583644,0.07964079416118916,0.07896347023104483
198,0.31443298969072164,0.07830738077376714,0.15851390110897173,0.5512182899531843,0.7822707575769542,0.7865463717921004,0.20613928866745185,0.18239684246357823,0.08240340526314838,0.20101164735944865,0.10818120262488984,0.12593941769877626,0.7150967146723702,0.7014092528587536,0.7935184311501883,0.31220906213050137,0.7043899775884567,0.06325063034013226,0.06107925165734851
199,0.3298969072164948,0.13600311390936126,0.17177595091823977,0.3726837848801212,0.7661025277826844,0.7722076392209055,0.1957030461807488,0.12961673901856874,0.08873477069168467,0.3638344450962684,0.11608812998328949,0.1293239665738886,0.6965953351318018,0.6914131451695394,0.775887984048525,0.32329662779867063,0.8149856298650132,0.07311198383353476,0.07831925718519639
200,0.5051546391752578,0.0772377668013372,0.15719595856278018,0.49568294141301106,0.8380059563367893,0.8364398232788254,0.17946183124919884,0.5224014036174518,0.07132981672833782,0.36967492668676816,0.17945520410215163,0.19116561027292364,0.7473909937700259,0.7393343881181287,0.5798656023168883,0.15291578509214943,0.8424308365539616,0.04944006287197378,0.06199624312871321
